,АДЫГ,АЛТА,АЛТК,АМУР,АРХА,АСТР,БАШК,БЕЛГ,БРЯН,БУРЯ,ВЛАД,ВОЛГ,ВОЛО,ВОРО,ДАГЕ,ЕВРЕ,ЗАБА,ИВАН,ИНГУ,ИРКУ,КАБА,КАЛИ,КАЛМ,КАЛУ,КАМЧ,КАРА,КАРЕ,КЕМЕ,КИРО,КОМИ,КОСТ,КРАС,КРАЯ,КРЫМ,КУРГ,КУРС,ЛЕНИ,ЛИПЕ,МАГА,МАРИ,МОРД,МОСГ,МОСК,МУРМ,НИЖЕ,НОВГ,НОВО,ОМСК,ОРЕН,ОРЛО,ПЕНЗ,ПЕРМ,ПРИМ,ПСКО,РОСТ,РЯЗА,САМА,САНК,САРА,САХА,СВЕР,СЕВА,СЕВЕ,СМОЛ,СТАВ,ТАМБ,ТАТА,ТВЕР,ТОМС,ТУЛЬ,ТЫВА,ТЮМЕ,УДМУ,УЛЬЯ,ХАБА,ХАКА,ЧЕЛЯ,ЧЕЧЕ,ЧУВА,ЧУКО,ЯКУТ,ЯРОС
2006-01-01,-239,-19,-1876,-651,-801,-540,-1816,-1123,-1630,-195,-1670,-1777,-967,-2526,1717,-154,-525,-1474,415,-1436,-49,-1001,-20,-985,-97,8,-593,-2748,-1507,-558,-775,-3191,-1538,0,-871,-1488,-1972,-1097,-67,-495,-757,-5086,-6078,-360,-3917,-929,-1770,-1363,-1305,-929,-1376,-2282,-1399,-1210,-3290,-1264,-2569,-3772,-2254,-423,-3303,0,9,-1348,-1756,-1434,-1954,-2043,-468,-2237,73,190,-937,-1247,-911,-305,-2812,1529,-777,2,87,-1330
2006-02-01,-243,63,-1244,-370,-650,-298,-920,-882,-1119,-65,-1350,-1447,-807,-2190,1810,-88,-230,-1057,501,-970,-115,-735,24,-866,9,-128,-425,-1550,-1045,-254,-679,-2546,-928,0,-509,-1133,-1532,-914,-42,-371,-664,-3345,-4376,-143,-2953,-756,-1124,-976,-781,-684,-1273,-1320,-912,-960,-2895,-1270,-1566,-2810,-1525,-201,-1948,0,-68,-1062,-1354,-1135,-1084,-1522,-289,-1800,117,987,-277,-1049,-460,-154,-1404,1889,-434,17,360,-1040
2006-03-01,-272,30,-1022,-356,-636,-283,-824,-846,-1277,14,-1354,-1738,-799,-2103,1675,-40,-292,-1191,423,-634,-96,-695,16,-701,53,19,-504,-1229,-1224,-231,-622,-2365,-848,0,-588,-1134,-1731,-830,-45,-304,-690,-3275,-4586,-276,-3108,-699,-1055,-773,-809,-811,-1227,-1181,-982,-1117,-2980,-1177,-1455,-2546,-1716,-192,-1612,0,-106,-1131,-1158,-975,-1046,-1717,-192,-1812,150,1081,-269,-802,-486,-142,-1386,1990,-522,13,505,-1052
2006-04-01,-209,77,-1201,-299,-442,-290,-972,-768,-1133,-17,-1117,-1308,-706,-1795,1684,-115,-191,-977,412,-494,-45,-655,18,-780,10,-18,-366,-1454,-921,-273,-554,-2169,-809,0,-470,-1010,-1512,-734,-11,-338,-541,-2594,-4275,-264,-2825,-719,-911,-757,-874,-630,-1028,-1135,-764,-898,-2267,-995,-1555,-2531,-1499,-196,-1503,0,-81,-1044,-1039,-1037,-1092,-1493,-276,-1619,181,1131,-356,-988,-446,-184,-1175,1756,-498,18,422,-1056
2006-05-01,-241,-4,-1394,-380,-638,-281,-1316,-919,-1104,-77,-1355,-1459,-728,-2133,1790,-81,-224,-1089,470,-750,-29,-551,18,-788,-46,23,-520,-1611,-1101,-303,-623,-2523,-802,0,-578,-1058,-1640,-904,-29,-447,-657,-2818,-4691,-213,-3075,-723,-1247,-819,-997,-677,-1056,-1530,-910,-832,-2596,-1154,-1901,-2937,-1793,-213,-1981,0,-94,-1222,-1239,-1002,-1169,-1588,-365,-1798,221,1140,-566,-940,-753,-156,-1540,1807,-477,0,375,-1097
2006-06-01,-163,66,-1114,-143,-581,-99,-715,-712,-994,-25,-1174,-1089,-689,-1772,1817,-34,-90,-992,375,-404,25,-551,106,-780,-57,9,-376,-1213,-919,-235,-460,-1653,-794,0,-358,-823,-1649,-704,-48,-259,-410,-2219,-4464,-195,-2782,-635,-1090,-690,-681,-513,-956,-993,-731,-896,-2008,-966,-1284,-2274,-1226,-189,-1637,0,29,-928,-774,-795,-1081,-1414,-226,-1725,199,1096,-487,-740,-417,-232,-1193,1772,-379,24,376,-941
2006-07-01,-87,46,-733,-132,-205,-241,-657,-604,-758,40,-969,-1089,-584,-1653,2112,-21,-24,-783,430,-428,149,-417,93,-553,43,47,-237,-1273,-669,-121,-397,-1022,-444,0,-328,-768,-1269,-687,-39,-277,-451,-1574,-3593,-92,-2278,-481,-725,-483,-434,-483,-778,-1001,-732,-756,-1500,-815,-1298,-2025,-1088,-113,-1152,0,92,-758,-433,-727,-656,-1100,-77,-1395,231,1267,-263,-666,-323,-50,-1255,1742,-321,28,357,-808
2006-08-01,-120,52,-639,-100,-373,49,-428,-434,-744,107,-931,-811,-379,-1363,2481,-1,73,-823,499,-236,196,-250,86,-475,-1,9,-315,-1053,-701,-178,-390,-1604,-350,0,-303,-776,-1343,-544,-35,-147,-485,-1207,-3600,-208,-2240,-437,-686,-422,-313,-334,-796,-834,-428,-651,-1744,-911,-975,-1788,-898,-72,-941,0,226,-762,-820,-679,-666,-1197,-32,-1434,208,1240,-93,-717,-203,-6,-904,2197,-256,27,358,-821
2006-09-01,-89,80,-927,-180,-414,16,-685,-526,-819,179,-988,-612,-468,-1496,2760,-30,-83,-871,489,-432,214,-378,93,-587,-23,72,-394,-1243,-704,-136,-358,-747,-515,0,-319,-775,-1407,-571,-20,-225,-299,-2563,-3730,-129,-2452,-484,-757,-507,-379,-467,-732,-1101,-408,-698,-1301,-885,-1253,-1895,-1006,-36,-1548,0,105,-798,-580,-707,-700,-1160,-209,-1524,149,1491,-270,-658,-223,-40,-1036,2042,-297,22,324,-825
2006-10-01,-120,62,-871,-216,-547,-1,-740,-647,-948,186,-1281,-844,-568,-1969,2348,-73,-39,-994,418,-423,114,-481,34,-694,43,91,-416,-1353,-998,-167,-467,-1098,-470,0,-491,-1024,-1534,-797,-22,-324,-526,-2739,-4448,-198,-2853,-588,-903,-688,-611,-587,-871,-1165,-572,-781,-1428,-1027,-1589,-2749,-1297,-90,-1405,0,171,-916,-544,-953,-853,-1398,-107,-1840,279,1293,-268,-815,-423,-51,-1291,1840,-598,16,480,-1066
2006-11-01,-123,40,-978,-179,-498,-161,-524,-695,-1102,40,-1158,-1100,-498,-1686,2306,-60,-87,-760,624,-563,104,-429,41,-691,17,20,-320,-1278,-868,-111,-433,-1514,-635,0,-492,-1007,-1550,-809,-25,-335,-540,-2635,-4498,-216,-2589,-733,-944,-647,-609,-676,-1001,-1074,-658,-812,-1984,-1039,-1282,-2431,-1254,-161,-1320,0,45,-1028,-615,-996,-782,-1373,-135,-1748,148,1132,-306,-734,-380,-146,-1305,2152,-539,-1,411,-880
2006-12-01,-151,77,-953,-241,-453,-146,-790,-661,-949,109,-1110,-852,-460,-1806,1899,-43,-151,-980,505,-489,21,-490,100,-684,-33,-7,-304,-1293,-737,-134,-521,-1722,-575,0,-437,-874,-1475,-670,-20,-267,-532,-2932,-4013,-117,-2635,-552,-1119,-670,-534,-630,-902,-1171,-742,-676,-1894,-1014,-1378,-2195,-1221,-134,-1699,0,-9,-937,-836,-934,-904,-1243,-32,-1608,157,1040,-381,-811,-415,-66,-1223,1384,-510,10,414,-906
2007-01-01,-216,57,-1212,-367,-570,-159,-807,-803,-1226,-43,-1359,-1268,-771,-2164,2211,-60,-266,-1078,658,-475,211,-571,76,-813,-66,0,-473,-1381,-1056,-201,-584,-2368,-832,0,-567,-1066,-1725,-832,-74,-255,-651,-4094,-5197,-366,-2985,-758,-1209,-841,-700,-748,-983,-1301,-1018,-887,-2404,-1129,-1568,-3158,-1492,-233,-1881,0,15,-1145,-991,-1097,-1218,-1569,-144,-1935,240,1122,-483,-898,-632,-47,-1830,2684,-450,15,213,-1083
2007-02-01,-165,82,-882,-95,-463,-79,-493,-621,-834,105,-1080,-854,-554,-1653,2297,-34,-75,-892,509,-212,68,-438,48,-662,18,103,-342,-974,-884,-198,-524,-1654,-327,0,-357,-742,-1309,-709,-14,-243,-472,-2804,-3938,-189,-2423,-660,-864,-674,-350,-521,-759,-984,-512,-736,-1488,-907,-1127,-2363,-1214,-106,-1610,0,39,-883,-614,-897,-798,-1283,-158,-1643,260,1007,-126,-683,-387,-62,-1055,2366,-474,12,386,-933
2007-03-01,-216,90,-1228,-160,-346,-317,-831,-845,-983,165,-1205,-1056,-542,-1985,2002,-44,-112,-886,505,-393,9,-413,18,-755,-19,25,-337,-1593,-921,-113,-491,-2479,-507,0,-476,-1012,-1371,-779,-25,-441,-521,-2285,-4520,-62,-2853,-502,-1084,-657,-751,-618,-844,-1000,-667,-703,-2202,-1031,-1619,-2211,-1414,-91,-1847,0,21,-910,-886,-868,-1074,-1320,-179,-1725,227,1191,-319,-793,-363,24,-1475,2090,-437,4,457,-1118
2007-04-01,-210,82,-940,-151,-401,-280,-635,-723,-917,132,-1162,-1056,-462,-1740,1741,-38,-113,-866,408,-372,86,-456,27,-722,77,99,-289,-1285,-803,6,-409,-2124,-650,0,-517,-816,-1227,-913,-31,-203,-544,-2903,-4297,-67,-2569,-535,-934,-665,-611,-711,-905,-951,-657,-705,-2269,-1060,-1385,-2275,-1392,-113,-1430,0,15,-792,-768,-870,-900,-1299,-134,-1701,226,1309,-288,-866,-381,-72,-1044,1828,-497,18,505,-872
2007-05-01,-220,129,-849,-179,-292,-186,-447,-724,-1138,199,-1198,-1326,-607,-2076,1964,-119,81,-909,542,-347,108,-442,55,-701,-81,7,-367,-1378,-873,-169,-446,-2125,-511,0,-484,-983,-1516,-844,-69,-146,-551,-2154,-4401,-117,-2770,-513,-772,-580,-704,-721,-1002,-885,-894,-762,-2453,-1150,-1461,-1896,-1336,-170,-1206,0,39,-990,-811,-922,-963,-1279,-88,-1854,299,1567,-292,-816,-617,-47,-898,1955,-318,20,457,-857
2007-06-01,-116,99,-929,-83,-260,-126,-629,-547,-661,184,-863,-874,-384,-1755,2010,-22,68,-688,449,-31,152,-288,39,-473,31,104,-280,-1028,-621,-82,-387,-1432,-475,0,-335,-783,-1210,-577,-42,-126,-402,-1215,-3535,23,-2297,-416,-847,-591,-534,-444,-693,-870,-580,-591,-1858,-878,-1199,-1389,-1179,-161,-1159,0,56,-716,-569,-765,-559,-981,-45,-1377,281,1520,-239,-614,-351,31,-1179,1740,-321,31,481,-714
2007-07-01,-9,126,-582,-85,-245,57,-306,-390,-617,314,-776,-514,-304,-1449,2337,23,221,-599,573,80,229,-198,117,-485,-22,139,-217,-825,-525,-60,-240,-752,-194,0,-244,-610,-1470,-510,-12,-177,-352,-999,-2973,-45,-1904,-468,-596,-391,-306,-394,-529,-729,-485,-557,-1059,-878,-773,-1654,-890,-10,-853,0,250,-708,-210,-736,-492,-1026,61,-1452,304,1456,45,-546,-158,13,-714,2379,-192,13,399,-651
2007-08-01,-86,173,-418,27,-87,-10,-80,-361,-645,322,-881,-948,-220,-1112,2834,-1,176,-716,598,227,383,-109,142,-406,59,200,-225,-793,-469,116,-305,-270,-29,0,-251,-574,-1127,-485,8,-119,-399,-680,-3430,-83,-2206,-326,-333,-271,-106,-410,-588,-504,-363,-493,-1368,-753,-893,-1580,-923,-61,-616,0,212,-654,-13,-640,-635,-1065,-23,-1447,396,1914,-134,-559,-48,-5,-335,2628,-258,18,601,-675
2007-09-01,37,162,-372,13,-293,162,217,-302,-674,279,-824,-324,-357,-1240,3196,-1,141,-756,548,461,447,-150,181,-582,8,211,-291,-578,-506,-51,-386,-349,-154,0,-78,-538,-1317,-405,-32,-154,-315,-1475,-3548,-102,-1750,-436,-524,-274,-73,-464,-488,-552,-132,-568,-726,-766,-882,-2054,-645,-44,-807,0,324,-693,110,-656,-358,-1116,-95,-1243,377,1532,-7,-579,-134,23,-359,2327,-168,29,461,-694
2007-10-01,23,149,-440,-142,-299,188,241,-456,-809,410,-1040,-676,-383,-1565,3324,-17,181,-786,666,247,440,-348,167,-558,-10,162,-349,-727,-707,50,-300,-356,-28,0,-242,-689,-1239,-713,-30,-120,-423,-1516,-3932,-95,-2218,-571,-657,-271,-107,-446,-707,-512,-342,-591,-1264,-953,-1078,-2039,-854,-140,-848,0,310,-897,-144,-766,-359,-1176,-37,-1487,443,1913,-49,-719,-154,78,-728,2504,-158,14,682,-672
2007-11-01,-26,161,-751,-138,-309,-9,-94,-426,-788,242,-1102,-652,-421,-1570,3236,-29,10,-815,605,86,379,-414,80,-650,47,151,-313,-951,-835,-52,-462,-1187,-330,0,-327,-886,-1413,-641,-20,-193,-455,-1966,-3882,-110,-2370,-575,-560,-369,-459,-526,-693,-894,-528,-704,-1697,-909,-1247,-1968,-1093,-5,-841,0,188,-853,-270,-749,-416,-1215,-34,-1663,324,1591,-213,-726,-265,70,-877,2369,-339,13,595,-872
2007-12-01,-124,161,-592,-197,-191,94,-85,-511,-868,201,-986,-822,-452,-1674,2626,-24,34,-792,598,178,280,-430,56,-527,8,137,-225,-1105,-667,-10,-436,-1195,-264,0,-275,-666,-1230,-624,-55,-234,-549,-1468,-3652,-43,-2344,-458,-560,-367,-428,-516,-797,-751,-604,-698,-1524,-872,-1428,-2007,-959,-76,-997,0,194,-775,-362,-719,-457,-1060,3,-1489,395,1405,-125,-764,-253,27,-869,2161,-234,8,738,-833
2008-01-01,-208,89,-1211,-391,-528,-180,-805,-695,-1099,127,-1364,-1266,-643,-2128,2676,-91,-56,-1102,696,-333,245,-516,64,-787,-43,160,-449,-1419,-1011,-215,-616,-2293,-850,0,-538,-1133,-1685,-842,-94,-352,-686,-3396,-4573,-176,-2877,-730,-863,-844,-790,-749,-975,-1062,-928,-874,-2748,-1185,-1813,-2466,-1527,-162,-1635,0,141,-1019,-908,-1132,-1097,-1574,-197,-1924,367,1366,-271,-831,-427,-49,-1275,2652,-487,7,406,-1017
2008-02-01,-188,167,-863,-210,-236,19,-238,-480,-814,221,-780,-745,-419,-1559,2552,-65,37,-856,657,76,255,-377,52,-568,-11,106,-268,-961,-696,-30,-348,-1586,-423,0,-286,-772,-1073,-581,-17,-183,-380,-2001,-3325,-120,-2124,-557,-553,-430,-415,-568,-773,-479,-748,-688,-1827,-834,-848,-1649,-1012,-128,-1331,0,93,-825,-423,-824,-340,-1029,-92,-1484,301,1355,-130,-538,-340,62,-814,2389,-219,20,445,-669
2008-03-01,-195,179,-741,-72,-339,-55,-235,-731,-1074,225,-1187,-1179,-473,-1708,2144,-77,-109,-867,587,228,219,-415,130,-764,2,85,-313,-1016,-773,-111,-361,-1849,-433,0,-428,-811,-1352,-909,-40,-253,-457,-2793,-4244,-128,-2366,-597,-410,-553,-587,-527,-721,-597,-761,-700,-2146,-981,-1320,-2096,-1321,-133,-1153,0,100,-928,-786,-891,-619,-1360,-43,-1793,78,1450,-96,-787,-435,12,-785,2480,-376,7,496,-886
2008-04-01,-145,160,-908,-241,-265,11,-313,-634,-888,318,-1052,-833,-472,-1716,2404,-32,85,-825,446,105,237,-300,39,-589,9,106,-266,-1134,-610,-25,-462,-1401,-318,0,-371,-792,-1350,-728,-18,-150,-480,-1674,-3366,-71,-2395,-539,-653,-492,-552,-476,-883,-953,-506,-732,-1886,-993,-1354,-1930,-1200,-98,-887,0,62,-783,-597,-759,-675,-1341,-94,-1625,662,1464,-162,-577,-263,73,-866,2505,-392,18,540,-846
2008-05-01,-160,157,-928,-251,-358,-142,-613,-724,-753,167,-1061,-1105,-659,-1850,2257,-55,186,-938,583,-80,217,-414,-89,-640,-45,83,-404,-1005,-873,-43,-512,-1430,-453,0,-376,-881,-1326,-699,-54,-277,-531,-1452,-4008,-111,-2661,-533,-746,-499,-624,-549,-932,-1013,-698,-748,-1778,-883,-1577,-1880,-1218,-78,-1218,0,109,-918,-562,-997,-919,-1196,-108,-1562,330,1566,-339,-732,-373,-65,-1109,2080,-416,-15,427,-992
2008-06-01,-89,107,-546,-131,-372,-2,-311,-415,-664,288,-1031,-585,-386,-1503,2397,-19,204,-800,615,208,285,-303,323,-642,-16,108,-254,-697,-735,-105,-418,-876,-181,0,-355,-694,-1236,-661,-55,-257,-327,-1671,-3590,-149,-2181,-623,-524,-372,-486,-411,-782,-700,-706,-676,-1645,-675,-1273,-1525,-1074,-137,-1312,0,138,-839,-363,-675,-994,-1191,68,-1443,226,1589,-283,-578,-322,63,-850,2285,-383,10,460,-739
2008-07-01,50,162,-272,-26,-82,124,204,-354,-440,423,-769,-539,-251,-1106,2805,21,242,-708,614,419,402,-102,149,-345,82,122,-189,-517,-495,51,-243,-94,228,0,-241,-608,-1202,-513,-22,-50,-348,509,-2886,42,-1714,-463,-168,-159,-178,-347,-580,-277,-325,-530,-869,-718,-587,-823,-747,-106,-220,0,350,-693,46,-617,20,-923,53,-1330,419,2110,162,-427,-104,27,-317,2838,-62,11,499,-610
2008-08-01,36,173,-75,42,-117,131,194,-189,-450,361,-743,-285,-287,-1112,3299,33,324,-622,650,457,487,-136,132,-433,76,174,-206,-432,-537,16,-284,130,192,0,-99,-586,-1108,-326,-25,-37,-319,-60,-2742,-89,-1679,-411,-65,18,-12,-402,-433,-162,-314,-462,-828,-621,-538,-930,-434,-51,-291,0,222,-458,295,-709,-90,-843,151,-1170,407,2036,58,-366,155,76,-5,2715,-163,12,435,-562
2008-09-01,73,159,-153,-129,-265,254,225,-268,-582,374,-940,-387,-445,-1269,3392,18,311,-816,636,426,584,-248,190,-533,12,208,-318,-766,-646,-68,-326,118,-12,0,-205,-607,-1288,-570,-13,-158,-257,-1043,-3255,-51,-1841,-545,-359,-144,113,-382,-476,-359,-129,-637,-665,-747,-585,-1901,-566,-88,-745,0,341,-701,340,-700,48,-1064,152,-1295,380,1743,-1,-376,-52,79,-600,2460,-129,26,446,-756
2008-10-01,0,183,-231,-122,-220,164,501,-385,-601,401,-840,-383,-331,-1179,3677,2,262,-655,890,384,493,-265,133,-539,29,239,-259,-527,-689,25,-393,38,17,0,-278,-554,-1277,-427,-34,-109,-415,-267,-2985,-62,-1805,-498,-279,-51,-148,-430,-598,-339,-267,-697,-970,-784,-562,-1358,-742,-51,-461,0,243,-737,-81,-710,-105,-1119,-14,-1367,453,2088,48,-435,-71,106,-322,3186,-248,13,582,-722
2008-11-01,-51,137,-470,-143,-278,85,141,-412,-665,237,-774,-439,-388,-1335,3018,25,66,-701,627,239,287,-296,107,-510,-13,127,-265,-363,-525,-19,-348,-697,-6,0,-274,-705,-1054,-535,-50,-88,-366,-1112,-2800,-88,-1946,-501,-410,-155,-86,-462,-665,-363,-471,-680,-1320,-725,-757,-1137,-965,-63,-622,0,124,-678,-160,-671,-219,-914,37,-1226,373,1811,-18,-476,-167,79,-249,2329,-319,9,439,-672
2008-12-01,-82,209,-443,-203,-255,131,246,-405,-848,305,-990,-638,-500,-1419,2915,-29,204,-773,653,51,330,-368,131,-557,-19,130,-275,-676,-630,-22,-398,-831,4,0,-238,-694,-1153,-533,-63,-189,-427,-1565,-3189,-34,-1970,-665,-224,-162,-277,-468,-591,-541,-521,-726,-1360,-724,-940,-1681,-993,-85,-631,0,102,-802,-157,-721,161,-1180,56,-1533,405,1906,115,-449,-157,41,-512,2569,-300,29,651,-707
2009-01-01,-111,148,-867,-364,-529,-73,-443,-669,-942,221,-1251,-1155,-682,-2010,2608,-25,19,-1002,649,-138,182,-561,70,-707,-31,92,-372,-1135,-891,-262,-501,-1250,-371,0,-430,-1022,-1412,-767,-38,-238,-545,-2658,-4085,-210,-2683,-615,-617,-326,-559,-673,-886,-1070,-537,-714,-2415,-945,-1373,-2030,-1448,-158,-1179,0,66,-999,-813,-1060,-809,-1351,-134,-1659,342,1299,-322,-702,-314,-31,-1081,2429,-375,16,361,-853
2009-02-01,-67,121,-515,-202,-266,132,194,-408,-565,379,-794,-604,-318,-1268,2407,0,193,-650,596,147,194,-321,84,-478,2,69,-163,-740,-656,-81,-341,-711,-110,0,-229,-578,-1073,-489,-3,-94,-360,-1485,-2583,-95,-1807,-474,-290,-275,-50,-364,-693,-482,-536,-602,-1292,-656,-804,-1264,-1038,-87,-1060,0,67,-672,-271,-710,-376,-1093,36,-1114,295,1769,27,-523,-107,54,-255,2117,-110,-3,492,-521
2009-03-01,-215,156,-523,-284,-270,-45,-187,-583,-903,362,-1026,-1008,-263,-1532,2561,-41,199,-859,687,321,251,-339,0,-630,12,132,-311,-989,-802,63,-340,-1483,-90,0,-362,-897,-1140,-608,21,-207,-445,-921,-3104,-194,-2174,-523,-267,-327,-390,-499,-831,-603,-481,-646,-1969,-736,-1042,-1614,-1088,-72,-904,0,93,-763,-649,-853,-523,-1113,76,-1469,355,1969,-78,-601,-95,113,-338,2248,-357,-9,553,-678
2009-04-01,-105,151,-441,-90,-56,-127,-95,-646,-668,329,-1045,-808,-414,-1448,2438,-41,166,-789,506,268,166,-264,84,-549,-75,89,-208,-819,-632,-1,-323,-1407,9,0,-223,-797,-1147,-552,-6,-149,-502,-630,-2689,-86,-2096,-499,-281,-188,-186,-522,-744,-470,-347,-614,-1750,-791,-1204,-846,-1233,-76,-427,0,9,-740,-501,-781,-58,-1079,4,-1209,354,1903,81,-535,-128,94,-627,2354,-189,11,574,-654
2009-05-01,-97,107,-560,-130,-260,-53,-101,-535,-690,335,-946,-960,-442,-1346,2290,-5,165,-774,557,281,190,-211,171,-482,38,120,-279,-783,-603,-40,-367,-937,-40,0,-310,-714,-1048,-644,-24,-152,-415,-359,-2880,-5,-2027,-433,-601,-307,-279,-473,-755,-508,-509,-572,-1602,-877,-1148,-849,-1127,-162,-721,0,48,-746,-489,-754,-457,-986,11,-1485,391,1602,-44,-542,-261,56,-642,2072,-204,14,467,-626
2009-06-01,-41,182,-313,15,-142,-15,12,-349,-586,454,-924,-718,-386,-1204,2443,-9,346,-776,474,312,232,-78,76,-421,23,60,-183,-396,-611,51,-258,-798,352,0,-234,-582,-1132,-506,-30,-176,-460,141,-2628,10,-1739,-507,-224,-107,-344,-476,-586,-167,-422,-628,-1563,-785,-1214,-1032,-1044,-96,-306,0,151,-556,-198,-677,-234,-949,11,-1306,375,2106,116,-403,-195,109,-341,2359,-79,-6,544,-635
2009-07-01,16,189,-113,81,-110,131,552,-311,-382,465,-728,-834,-330,-1145,3001,-11,319,-463,651,490,491,-93,141,-406,66,213,-172,-164,-346,18,-248,75,219,0,-60,-515,-1088,-468,26,-25,-393,1281,-2391,-128,-1447,-420,55,261,324,-300,-398,-34,-99,-448,-974,-560,-584,-42,-778,-48,118,0,274,-621,115,-657,347,-871,98,-1006,396,2099,406,-290,141,164,198,2823,-10,7,482,-459
2009-08-01,41,167,3,21,-148,349,710,-150,-415,452,-653,-114,-263,-821,3141,8,448,-478,714,581,545,-76,127,-405,35,147,-96,-205,-359,6,-169,768,368,0,-141,-437,-803,-271,8,55,-246,771,-1966,-47,-1139,-314,152,59,310,-274,-467,102,-58,-542,-304,-514,-193,-801,-379,-30,49,0,357,-451,362,-520,236,-824,144,-1083,521,2125,261,-299,11,58,78,2820,89,18,627,-339
2009-09-01,-7,151,-93,90,-126,296,614,-158,-371,325,-745,-195,-240,-859,3217,-23,242,-550,590,440,447,-167,142,-379,-10,235,-178,-333,-518,98,-130,556,279,0,-168,-365,-833,-357,-21,-43,-322,1020,-2231,-77,-1246,-453,-47,73,211,-366,-350,-43,-138,-496,-450,-630,-402,-768,-515,-147,37,0,324,-616,171,-607,222,-812,77,-976,392,2226,247,-244,-45,113,-28,2586,74,16,585,-481
2009-10-01,9,210,-352,-40,-202,285,578,-341,-575,401,-778,-548,-280,-1089,3561,-27,323,-692,791,421,479,-122,129,-470,29,146,-222,-307,-555,-41,-308,16,113,0,-253,-502,-1068,-489,-34,-58,-401,-118,-2668,-42,-1771,-575,-22,-22,-50,-360,-524,-212,-129,-561,-883,-743,-835,-1029,-504,-119,-493,0,333,-645,-12,-558,153,-937,-12,-1290,350,2210,139,-533,-74,53,-301,2958,-45,1,635,-672
2009-11-01,-52,92,-400,-230,-180,-141,31,-550,-725,293,-980,-463,-478,-1255,2989,-69,53,-657,704,18,278,-286,74,-662,-17,156,-306,-615,-540,-110,-267,-473,-206,0,-233,-668,-1022,-662,-47,-212,-352,-1184,-3013,-162,-1802,-494,-406,-330,-7,-441,-705,-355,-366,-741,-1500,-924,-973,-1356,-963,-91,-915,0,170,-653,-140,-745,-187,-1009,32,-1255,406,1406,86,-547,-196,-38,-558,2412,-120,12,550,-619
2009-12-01,-54,114,-635,-149,-296,84,440,-426,-773,273,-1055,-733,-456,-1264,3237,-36,153,-866,776,69,274,-324,75,-633,-37,48,-242,-729,-760,-13,-451,-1121,42,0,-352,-679,-966,-718,-36,-219,-455,-185,-2910,15,-2163,-657,-332,-155,-91,-364,-703,-669,-468,-740,-1412,-829,-941,-1272,-1004,-127,-752,0,87,-762,-460,-831,271,-1151,-24,-1438,428,2075,-50,-515,-203,40,-447,2725,-73,-18,653,-771
2010-01-01,-127,80,-1162,-204,-461,-26,-339,-518,-918,128,-1108,-1012,-665,-1718,2450,-66,-116,-813,636,-283,219,-451,72,-721,-49,116,-379,-1414,-851,-249,-563,-1061,-692,0,-403,-934,-1273,-705,-80,-281,-561,-1264,-3623,-93,-2273,-628,-913,-547,-381,-633,-823,-1077,-631,-816,-2176,-894,-1288,-1793,-1341,-175,-1258,0,190,-845,-551,-880,-469,-1438,-187,-1457,247,1460,-287,-747,-381,-46,-964,2342,-384,-8,469,-880
2010-02-01,-73,116,-698,-106,-318,37,204,-491,-687,336,-854,-590,-487,-1450,2452,-65,156,-762,704,-6,289,-366,136,-547,-52,63,-212,-951,-639,-41,-359,-957,-91,0,-343,-694,-1043,-571,-50,-160,-459,-554,-2586,19,-1781,-535,-299,-256,-102,-416,-812,-407,-254,-688,-1470,-763,-809,-1049,-1048,-78,-539,0,162,-696,-311,-725,-140,-1182,11,-1332,328,1717,-24,-631,-178,100,-534,2185,-103,-12,433,-698
2010-03-01,-85,174,-366,-93,-200,-13,490,-564,-627,422,-873,-802,-418,-1439,2653,-46,42,-815,753,228,309,-241,118,-469,-40,63,-247,-612,-618,40,-311,-1057,108,0,-291,-510,-934,-480,11,28,-350,365,-2334,1,-1727,-543,29,-151,-152,-412,-632,-41,-454,-680,-1634,-701,-678,-945,-870,-66,41,0,12,-706,-405,-704,113,-1029,84,-1247,509,2291,81,-408,-109,81,-150,2553,34,5,605,-635
2010-04-01,-103,150,-570,-143,-179,-4,400,-450,-709,264,-900,-633,-369,-1381,2514,-20,247,-702,711,178,261,-200,33,-425,-9,73,-196,-490,-594,16,-322,-1158,118,0,-216,-575,-973,-567,-22,-150,-462,503,-2364,-6,-2020,-402,-138,-162,-51,-369,-748,-287,-468,-597,-1451,-677,-1019,-470,-917,-112,-516,0,210,-637,-232,-720,-3,-1053,-59,-1209,407,1997,157,-554,-218,55,-255,2035,-97,7,551,-611
2010-05-01,-114,149,-660,-145,-328,-39,36,-429,-644,318,-971,-755,-543,-1244,2615,-34,158,-699,702,101,242,-227,110,-414,-2,79,-239,-902,-624,-49,-346,-789,-134,0,-206,-663,-942,-572,-23,-151,-465,-63,-2463,-126,-1876,-465,-281,-208,-122,-470,-712,-373,-659,-543,-1505,-748,-1002,-676,-1131,-136,-373,0,182,-675,-312,-686,-89,-1008,12,-1357,382,1915,8,-681,-362,43,-350,2373,-164,-13,532,-542
2010-06-01,-4,151,-313,-142,-99,48,267,-240,-580,351,-771,-739,-299,-1155,2928,-12,238,-629,766,156,400,-72,131,-399,38,129,-153,-508,-542,110,-224,-379,71,0,-216,-514,-968,-457,-23,-77,-292,1687,-1930,17,-1764,-371,-44,-61,-190,-371,-496,-69,-353,-533,-1187,-638,-887,-228,-899,-121,-31,0,239,-634,141,-630,81,-849,155,-1106,372,2123,171,-435,-253,69,-297,2189,-157,16,572,-501
2010-07-01,-13,175,-125,-1,-85,-58,203,-517,-852,391,-1102,-799,-480,-1355,2763,4,217,-906,832,331,570,-129,62,-641,-30,172,-285,-231,-437,-28,-310,-138,203,0,-96,-671,-1174,-682,-10,-193,-497,-2904,-4072,1,-2544,-524,-88,114,-47,-500,-790,9,-326,-632,-986,-926,-1393,-1427,-1266,-48,29,0,321,-631,57,-848,-200,-1145,58,-1500,361,2293,38,-627,-193,70,118,2908,-359,2,535,-829
2010-08-01,-9,146,-165,28,-126,109,-135,-660,-716,462,-965,-1917,-342,-2484,3526,-7,306,-619,973,278,497,-78,98,-415,-59,170,-134,-414,-555,14,-227,-874,354,0,-109,-760,-927,-1211,-26,-412,-675,-4750,-3878,-59,-2689,-404,244,119,-264,-563,-988,3,-229,-477,-2407,-1223,-2175,-600,-2376,-127,-72,0,228,-631,5,-1300,-1422,-996,204,-1444,382,2291,-111,-1008,-54,126,-83,2959,-522,6,617,-613
2010-09-01,35,186,-241,-63,-274,250,469,-287,-513,401,-791,-367,-335,-796,3222,53,301,-662,869,266,477,-108,158,-388,-23,184,-156,-668,-443,-10,-316,83,277,0,-185,-488,-931,-410,4,-17,-450,522,-2726,-31,-1571,-451,-66,142,179,-285,-555,-268,-83,-579,-699,-571,-513,-606,-506,-68,-314,0,315,-621,231,-563,392,-951,-8,-1118,465,1925,214,-366,-20,59,-36,2462,-99,7,545,-647
2010-10-01,26,139,-393,-58,-92,118,320,-408,-652,330,-722,-399,-380,-1039,3288,-21,275,-626,839,314,428,-178,111,-374,44,105,-171,-451,-503,29,-244,-81,222,0,-180,-416,-955,-390,-16,-153,-300,1386,-1971,89,-1422,-419,-115,-66,177,-393,-438,-317,-444,-508,-835,-755,-733,-708,-608,-156,-179,0,267,-616,96,-608,190,-981,88,-1215,391,2131,149,-402,-180,-25,-295,2646,-13,8,593,-541
2010-11-01,19,124,-361,-122,-100,82,268,-377,-521,402,-624,-320,-329,-1012,3250,-35,240,-630,746,136,420,-256,103,-360,-25,107,-239,-666,-382,16,-261,-296,73,0,-184,-560,-958,-294,-35,-34,-387,1153,-1987,-82,-1384,-338,-43,-98,81,-366,-400,-41,-428,-502,-988,-574,-645,-938,-681,-150,-359,0,171,-597,-196,-603,432,-849,34,-1187,408,2001,77,-475,-228,2,-158,2711,24,7,607,-545
2010-12-01,-28,139,-460,-233,-206,189,503,-432,-631,344,-876,-475,-435,-989,3137,-84,182,-626,790,34,397,-383,99,-439,40,152,-239,-805,-545,-9,-268,-253,-20,0,-299,-598,-981,-515,19,-153,-313,894,-2126,46,-1891,-433,-361,-139,-64,-356,-552,-285,-321,-707,-1148,-642,-667,-419,-734,-103,-525,0,232,-639,-70,-649,353,-1055,44,-1201,384,1962,149,-356,-112,103,-334,2411,-108,11,661,-605
2011-01-01,-138,92,-1036,-248,-417,-41,-569,-667,-751,112,-1015,-1016,-537,-1422,2758,-47,-166,-827,475,-174,314,-269,57,-542,-28,111,-343,-1482,-760,-200,-429,-1261,-655,0,-431,-702,-1140,-523,-58,-209,-362,-1093,-3001,-94,-2114,-597,-937,-569,-494,-430,-716,-567,-742,-662,-1666,-708,-1197,-1235,-1163,-243,-1037,0,162,-621,-590,-700,-396,-1212,-200,-1289,388,1496,-294,-798,-333,-61,-1325,2372,-293,-19,537,-567
2011-02-01,-84,144,-391,-194,-308,59,-210,-530,-577,165,-874,-786,-409,-1120,2621,17,222,-665,1153,243,302,-234,82,-487,-40,30,-199,-838,-580,-19,-322,-1030,-173,0,-354,-538,-944,-448,-31,-177,-426,201,-2063,-135,-1642,-381,-214,-120,-164,-346,-673,-499,-495,-629,-1669,-674,-1117,-747,-925,-111,-437,0,163,-586,-286,-701,282,-928,21,-1200,304,1636,-21,-561,-163,-28,-598,2016,-107,7,626,-535
2011-03-01,-77,193,-544,-102,-199,-106,35,-538,-783,358,-853,-846,-287,-1497,2855,-43,19,-616,749,151,249,-239,82,-462,14,91,-173,-760,-588,14,-258,-1418,248,0,-219,-780,-1076,-570,-6,-177,-443,880,-1925,-39,-1650,-446,54,-183,-106,-453,-824,-317,-436,-590,-2098,-712,-1003,-615,-1102,-118,-237,0,85,-593,-734,-722,37,-993,153,-1249,390,2261,170,-671,-224,162,-92,2466,-242,21,682,-622
2011-04-01,-144,204,-405,-198,-263,-51,-99,-515,-675,342,-809,-826,-311,-1421,2510,-48,301,-587,693,195,236,-132,72,-456,28,88,-112,-683,-420,8,-279,-1478,-52,0,-260,-616,-905,-587,-28,-76,-405,53,-2283,-22,-1774,-497,-201,-97,-141,-547,-657,-136,-489,-582,-1668,-747,-862,-599,-1049,-25,-319,0,143,-581,-578,-752,-45,-879,11,-1170,345,2064,-9,-569,-231,-5,-358,2086,-208,22,622,-601
2011-05-01,-135,154,-619,-160,-336,-88,-411,-444,-750,307,-1022,-944,-519,-1575,2354,-77,170,-814,844,273,233,-226,66,-519,8,110,-247,-810,-564,-26,-319,-1692,-42,0,-409,-661,-1002,-697,-36,-173,-484,-232,-2757,22,-2235,-431,-134,-152,-403,-473,-693,-441,-641,-566,-1917,-765,-1240,-1093,-1185,-121,-424,0,92,-683,-555,-858,-209,-1103,80,-1279,445,2158,-165,-723,-349,17,-305,2231,-251,10,569,-692
2011-06-01,-45,179,-314,-100,-188,211,46,-375,-476,360,-741,-532,-380,-1166,2436,-17,258,-557,729,223,355,-87,111,-404,26,103,-113,-476,-367,109,-234,-787,313,0,-175,-426,-878,-370,-9,-69,-384,1962,-1874,31,-1475,-317,-36,59,-92,-362,-677,-125,-389,-456,-1121,-638,-974,-45,-737,-44,-159,0,181,-568,-101,-583,133,-847,235,-939,385,2315,144,-297,-142,170,-77,2322,24,6,486,-515
2011-07-01,7,214,-261,55,-100,181,133,-226,-362,438,-479,-557,-145,-820,2940,31,258,-428,842,267,485,24,107,-261,52,148,-80,-302,-411,134,-148,-241,125,0,-181,-317,-764,-378,5,-70,-383,2399,-1140,47,-1418,-269,-167,244,-2,-289,-571,-95,-131,-346,-754,-454,-606,165,-770,-73,31,0,334,-318,193,-526,207,-630,106,-929,456,2235,217,-351,-182,41,162,2692,32,11,543,-402
2011-08-01,41,212,132,-12,22,284,623,-118,-327,523,-444,-254,-15,-593,3720,15,430,-519,383,570,475,78,113,-255,54,178,24,-283,-66,154,-110,544,409,0,-24,-235,-643,-171,-6,89,-262,2795,-876,61,-881,-192,297,189,156,-333,-371,260,-103,-336,-421,-377,-287,107,-482,-45,418,0,354,-314,314,-439,678,-644,183,-758,533,2576,543,-160,-199,190,330,2801,100,13,675,-349
2011-09-01,13,213,-279,21,-16,196,759,-210,-372,408,-562,-211,-148,-785,4190,56,255,-370,909,349,647,32,174,-239,23,198,-86,-556,-342,85,-158,493,257,0,-43,-350,-809,-262,-18,64,-278,1431,-1655,-11,-1152,-407,92,228,105,-299,-345,34,-66,-392,-353,-473,-562,-209,-540,-74,-336,0,314,-389,523,-489,834,-750,81,-881,447,2307,178,-226,-62,150,219,3272,65,29,631,-363
2011-10-01,-16,128,-181,-42,-74,230,415,-377,-429,398,-794,-219,-99,-1013,3898,-37,289,-576,860,375,564,-87,141,-370,-3,200,-135,-568,-364,124,-240,77,193,0,-121,-399,-810,-377,9,53,-301,890,-1619,38,-1178,-398,-157,25,165,-289,-458,50,-195,-480,-788,-577,-782,-157,-535,-86,-80,0,292,-551,189,-654,607,-837,6,-983,470,2199,105,-361,-112,82,-162,3048,64,5,699,-475
2011-11-01,25,192,-300,-15,-75,288,373,-304,-624,325,-741,-423,-301,-867,3669,-32,194,-509,762,494,472,-146,165,-293,-20,184,-138,-474,-427,60,-124,-216,265,0,-224,-448,-773,-473,-11,8,-367,1534,-1319,51,-1216,-306,-146,170,68,-393,-532,5,-228,-481,-835,-499,-440,6,-607,-129,-68,0,371,-519,198,-728,735,-810,39,-1070,442,2226,256,-264,-79,86,50,2678,9,-4,673,-377
2011-12-01,-1,217,-207,-18,-66,119,279,-395,-528,414,-593,-438,-127,-935,3559,-42,209,-400,771,343,380,-177,104,-293,8,184,-166,-436,-400,175,-256,-23,252,0,-227,-436,-779,-384,-29,-13,-319,1412,-1364,15,-1134,-164,120,167,-2,-299,-560,66,-306,-422,-919,-502,-446,-239,-550,-101,-38,0,164,-537,46,-581,889,-699,249,-1040,444,2384,371,-120,-117,82,-13,2541,15,32,719,-437
2012-01-01,-62,162,-569,-171,-375,9,37,-468,-763,244,-825,-699,-312,-1297,3097,-56,121,-665,600,40,345,-217,92,-464,4,39,-251,-758,-504,83,-297,-784,15,0,-279,-606,-1004,-622,-58,-18,-303,-321,-2563,-31,-1436,-579,-189,-30,-43,-415,-685,-356,-593,-520,-1601,-696,-816,-1062,-914,-142,-693,0,136,-659,-464,-774,127,-962,-79,-1179,399,1992,101,-576,-241,59,-774,2451,-31,5,442,-589
2012-02-01,-75,196,-338,-32,-137,90,498,-463,-492,307,-673,-664,-131,-1101,2521,-56,253,-544,766,356,406,-213,56,-325,27,-4,-221,-247,-203,145,-229,-876,325,0,-122,-501,-865,-440,12,63,-339,524,-1630,10,-1368,-357,214,244,202,-379,-626,217,-188,-542,-1298,-568,-622,-635,-715,-102,144,0,169,-596,-267,-673,784,-925,151,-1011,429,2273,265,-412,-113,112,93,2289,-34,21,612,-429
2012-03-01,-86,189,-294,-116,-134,215,498,-384,-500,419,-543,-490,-46,-1003,3448,-22,87,-497,660,359,320,-106,124,-300,14,139,-115,-376,-306,52,-179,-761,279,0,-196,-468,-704,-424,10,14,-293,917,-1635,-25,-1204,-236,-41,126,63,-384,-489,114,-270,-481,-1330,-608,-401,97,-611,-15,-11,0,126,-440,-146,-620,529,-639,140,-1135,432,2341,402,-377,-129,36,-1,2120,75,4,594,-475
2012-04-01,-97,154,-288,-166,-152,-24,-78,-517,-622,215,-660,-507,-140,-1066,2746,-59,172,-596,645,314,352,-136,89,-417,25,111,-159,-632,-246,91,-254,-955,131,0,-120,-574,-728,-422,-25,24,-380,-80,-1455,28,-1322,-363,-307,80,-43,-439,-529,48,-410,-558,-1222,-638,-1044,-519,-998,-92,-19,0,109,-602,-157,-600,356,-782,9,-1070,384,2157,322,-454,-160,90,-163,1964,-126,-7,580,-520
2012-05-01,-33,182,-221,-213,-160,158,288,-398,-571,479,-831,-723,-258,-1132,2899,-34,265,-579,528,313,343,-52,114,-398,28,154,-235,-573,-470,122,-218,-629,209,0,-231,-424,-1070,-394,-5,-22,-453,1911,-1595,19,-1299,-390,15,211,-95,-370,-668,141,-375,-469,-1257,-642,-768,-37,-703,-35,57,0,142,-581,-431,-660,437,-899,114,-1026,448,2889,234,-320,-186,75,-253,2023,-14,10,632,-533
2012-06-01,-14,180,-202,29,-3,151,386,-256,-495,347,-459,-682,-127,-867,2730,3,332,-407,689,399,497,-6,160,-320,49,137,-84,-242,-329,80,-169,-209,284,0,-160,-389,-835,-456,-4,16,-274,2246,-1158,81,-1253,-295,-159,174,143,-366,-354,67,-248,-531,-638,-532,-635,584,-622,-47,98,0,277,-438,59,-533,840,-670,114,-976,326,2400,260,-230,-56,79,135,2021,102,12,617,-355
2012-07-01,29,213,70,78,33,404,248,3,-403,450,-474,-88,36,-476,3540,37,333,-355,43,599,698,81,145,-131,99,252,-55,-183,-35,187,-56,629,779,0,-192,-329,-710,-100,20,70,-172,3002,-733,39,-679,-254,218,35,34,-284,-383,275,-12,-401,-270,-417,-245,712,-241,2,422,0,363,-261,610,-511,970,-608,237,-776,439,2804,362,-124,168,229,-160,2645,166,8,826,-237
2012-08-01,59,236,153,127,140,396,1007,-12,-289,490,-309,-3,55,-569,3715,39,475,-368,1229,752,711,137,189,-181,48,239,-91,301,-179,216,-18,1037,761,0,59,-257,-734,-85,-14,173,-225,3368,-176,0,-652,-205,425,607,261,-225,-221,410,17,-354,-49,-315,83,877,-341,54,596,0,567,-329,816,-438,1213,-528,417,-768,381,2950,554,-160,370,189,759,2311,350,1,710,-174
2012-09-01,49,183,48,47,-45,372,896,-198,-388,497,-537,-81,-106,-705,3968,9,346,-545,884,572,744,-42,116,-331,28,193,-126,-252,-337,194,-101,1109,371,0,-55,-291,-669,-286,-5,75,-259,1675,-1289,68,-1026,-309,70,284,408,-218,-264,264,157,-361,-141,-504,66,534,-439,-9,95,0,361,-423,450,-453,1277,-648,242,-771,362,2764,279,-147,224,218,261,2529,152,38,737,-376
2012-10-01,14,245,17,97,38,429,758,-267,-398,560,-610,-201,-70,-726,3838,-16,380,-485,767,485,632,-12,178,-344,115,225,-133,-95,-227,166,-187,1158,650,0,-117,-446,-819,-350,28,51,-293,1744,-1274,126,-1018,-228,400,278,270,-239,-359,270,-28,-463,-214,-542,-293,-63,-475,-47,532,0,434,-571,582,-568,989,-656,116,-867,431,2827,434,-187,66,199,443,2510,193,18,775,-390
2012-11-01,21,146,-246,14,-43,183,598,-305,-483,460,-650,-183,-54,-819,3516,-44,286,-390,743,403,532,-113,71,-333,-8,198,-119,-159,-401,122,-183,100,318,0,-155,-433,-805,-232,22,41,-381,1820,-885,60,-1287,-265,169,276,201,-348,-421,167,-137,-429,-606,-401,-385,378,-537,-35,302,0,319,-568,320,-583,1019,-707,155,-970,446,2524,289,-223,104,76,180,2213,21,11,757,-445
2012-12-01,-56,222,-465,-15,-107,138,481,-325,-576,470,-717,-448,-182,-1039,3474,8,346,-667,665,429,450,-80,58,-427,38,142,-192,-577,-356,123,-208,-215,250,0,-248,-493,-842,-449,-7,-90,-319,358,-1998,12,-1346,-265,-7,-7,110,-322,-643,-48,-69,-517,-1035,-509,-581,-433,-704,-57,15,0,166,-561,40,-579,482,-825,136,-1149,349,2450,216,-341,108,59,-2,1879,-5,11,719,-474
2013-01-01,-11,118,-387,-105,-360,181,-335,-423,-780,322,-933,-773,-254,-1441,3268,-17,148,-684,740,-120,449,-159,114,-527,-16,155,-292,-698,-631,77,-282,-761,-52,0,-427,-541,-1228,-527,-29,-60,-473,-419,-2534,-69,-1924,-525,-310,-82,-185,-498,-762,-400,-460,-619,-1381,-729,-1021,-823,-1136,-142,-618,0,254,-767,-158,-758,324,-1095,-93,-1235,348,2294,48,-565,-299,81,-303,2619,-66,-7,670,-705
2013-02-01,-30,119,-160,8,-153,112,183,-402,-600,415,-701,-501,-163,-837,2838,-46,249,-498,670,304,378,-17,76,-320,56,147,-132,-318,-332,182,-206,144,127,0,-160,-360,-760,-381,20,103,-279,452,-1518,-45,-1107,-369,17,35,45,-376,-657,-162,-242,-500,-988,-422,-594,-401,-835,-22,-8,0,277,-552,27,-635,800,-705,160,-880,370,2356,110,-371,17,119,-32,2126,40,-4,590,-499
2013-03-01,-93,138,-330,-30,-214,86,339,-553,-689,306,-730,-708,-312,-1263,2844,-39,173,-595,550,225,390,-143,78,-367,2,111,-212,-545,-608,78,-386,-1008,15,0,-230,-579,-992,-472,4,-43,-418,1034,-1685,5,-1626,-363,-218,-62,-5,-395,-533,-256,-332,-568,-1413,-637,-916,-309,-786,-34,-142,0,212,-586,-197,-749,398,-915,-30,-1133,359,1980,51,-504,23,58,-456,1882,-21,21,550,-639
2013-04-01,-81,213,-333,4,-140,15,329,-571,-655,432,-762,-823,-185,-1341,2889,-13,348,-519,631,350,409,-143,69,-420,28,78,-227,-354,-359,200,-238,-796,439,0,-256,-678,-905,-516,26,104,-358,1052,-1666,28,-1262,-340,-6,-86,-202,-421,-484,-12,-99,-465,-1364,-583,-789,-144,-923,-69,400,0,108,-567,-156,-605,755,-908,239,-1158,378,2467,219,-375,29,33,-76,1840,-71,7,703,-366
2013-05-01,-63,150,-377,-24,-104,104,142,-486,-605,372,-705,-540,-253,-1283,2891,-18,320,-537,523,124,399,-79,71,-290,6,147,-193,-364,-269,154,-229,-755,231,0,-271,-449,-983,-509,-18,-34,-395,1619,-1579,36,-1426,-365,-128,156,-96,-395,-642,28,-219,-429,-1225,-440,-837,367,-1019,-24,59,0,203,-495,35,-667,713,-889,33,-1094,435,2445,132,-360,-74,81,-358,2053,83,22,565,-332
2013-06-01,-28,137,-103,-26,29,140,214,-229,-373,537,-521,-392,-48,-846,2740,-34,329,-359,545,367,435,43,81,-190,98,198,-101,-135,-219,153,-69,456,520,0,-78,-338,-715,-340,24,71,-305,2716,-581,136,-883,-278,95,223,165,-282,-309,266,-54,-335,-675,-424,-365,1110,-400,11,436,0,240,-360,284,-529,777,-639,196,-829,382,2604,238,-218,96,117,-59,1984,39,14,632,-217
2013-07-01,42,217,213,86,63,338,1064,107,-393,660,-490,-68,-84,-516,3340,0,556,-313,669,782,616,-35,158,-170,47,212,-23,184,-61,257,-31,993,516,0,-8,-242,-724,-193,25,98,-297,3392,-220,129,-497,-184,648,505,545,-235,-260,551,101,-253,-122,-331,-25,1015,-106,64,941,0,457,-399,773,-324,1516,-625,311,-644,422,3125,565,-56,263,194,746,2607,329,5,864,-196
2013-08-01,109,231,123,191,137,384,1077,65,-218,584,-481,167,70,-487,3799,42,451,-227,801,649,655,125,133,-220,24,262,-51,136,25,240,-52,1089,1003,0,23,-340,-550,-246,32,176,-208,2982,-502,73,-739,-196,543,713,571,-280,-329,571,-19,-350,194,-364,-75,1288,-175,44,715,0,477,-297,682,-409,1230,-516,355,-860,420,3056,401,-48,240,157,627,2403,204,17,754,-215
2013-09-01,56,198,92,172,36,264,856,-128,-351,422,-663,-163,-65,-673,3883,30,310,-402,764,552,615,-76,183,-227,48,198,-146,-75,-91,191,-93,857,468,0,6,-313,-606,-187,-45,95,-306,1236,-596,104,-921,-307,263,311,183,-221,-424,491,-1,-323,-221,-373,-347,572,-454,26,490,0,399,-298,547,-462,954,-676,303,-852,440,2619,335,-161,140,148,269,2394,107,10,723,-404
2013-10-01,14,191,15,-37,58,524,779,-282,-450,583,-650,-416,29,-950,4099,-37,336,-345,746,567,577,40,143,-236,53,239,-123,-63,-234,209,-206,932,671,0,-58,-349,-889,-386,12,58,-356,2690,-923,149,-823,-318,488,387,227,-330,-333,312,-31,-382,-439,-518,-536,651,-543,30,395,0,421,-484,499,-644,1028,-630,196,-1073,412,3142,346,-302,184,141,412,2460,114,13,898,-392
2013-11-01,-35,152,-116,-8,-48,304,686,-273,-464,454,-675,-400,-2,-776,3708,12,234,-390,707,572,401,-18,148,-259,93,156,-139,-90,-233,120,-184,368,400,0,-180,-434,-683,-417,7,-12,-210,1839,-676,67,-1110,-259,88,340,300,-284,-438,101,-136,-308,-506,-394,-339,642,-381,20,196,0,187,-440,272,-593,885,-647,181,-851,352,2515,159,-308,69,118,148,2201,105,33,656,-441
2013-12-01,-86,163,-156,-59,-64,148,561,-321,-476,520,-635,-320,-209,-1029,3255,-17,289,-469,653,352,365,-140,76,-287,73,151,-112,-246,-174,124,-268,-27,550,0,-189,-450,-833,-358,30,59,-250,1227,-1076,39,-1139,-145,278,240,204,-321,-384,94,-175,-485,-812,-513,-750,-85,-536,18,114,0,219,-407,158,-584,838,-729,338,-908,410,2394,172,-255,91,131,-149,2060,85,3,782,-373
2014-01-01,-65,159,-574,-133,-297,178,178,-521,-664,382,-737,-834,-385,-1157,3079,-56,126,-501,666,23,426,-217,103,-407,2,164,-242,-589,-544,3,-276,-532,102,0,-246,-539,-998,-437,-33,8,-315,296,-2013,-46,-1346,-570,-17,49,-60,-442,-528,-117,-392,-548,-1135,-614,-863,-476,-913,-56,-625,0,218,-567,-272,-719,716,-908,-110,-1159,355,2401,70,-320,-200,14,-323,2144,68,-6,597,-610
2014-02-01,-52,190,-257,-135,-54,165,667,-445,-675,418,-620,-453,-129,-1047,3145,-55,103,-365,689,333,352,12,77,-326,30,53,-135,-386,-277,100,-92,-607,376,0,-231,-520,-756,-386,6,117,-266,900,-799,7,-971,-348,112,313,92,-307,-575,157,-214,-452,-995,-534,-497,253,-461,38,316,0,168,-455,-38,-602,478,-674,127,-906,361,2281,346,-322,89,67,1,2265,43,13,797,-338
2014-03-01,-124,216,-185,-83,-31,107,555,-450,-627,519,-728,-616,-114,-1190,3018,-11,307,-520,581,245,337,-173,60,-346,73,164,-100,-352,-157,139,-222,-469,310,0,-203,-442,-823,-519,24,76,-289,393,-1467,40,-1148,-306,55,179,-101,-379,-548,225,-248,-351,-1267,-668,-870,150,-677,29,138,0,134,-549,-39,-604,372,-705,208,-945,387,2391,192,-452,22,33,46,2013,-32,3,643,-431
2014-04-01,-67,192,-356,-14,-18,78,393,-595,-496,409,-726,-578,-38,-1124,3162,-55,309,-572,645,387,410,-24,58,-357,77,140,-87,-237,-238,169,-275,28,471,0,-184,-496,-831,-421,6,-9,-317,1558,-1412,57,-1715,-419,256,447,-106,-399,-511,55,-23,-436,-1231,-643,-632,192,-656,101,241,0,259,-537,118,-631,678,-800,164,-1122,364,2942,178,-313,134,119,189,1850,-6,41,748,-444
2014-05-01,-49,170,-460,-73,-95,72,176,-406,-639,474,-755,-695,-235,-1028,3001,-38,232,-512,613,198,419,-67,104,-236,63,164,-86,-373,-297,105,-251,-59,418,0,-234,-537,-848,-469,-18,-32,-393,1268,-1115,23,-1662,-335,-272,221,73,-403,-526,-86,-303,-473,-902,-565,-742,735,-768,7,-39,0,236,-500,48,-733,677,-743,40,-929,377,2522,230,-443,-72,111,-132,2003,-62,5,641,-584
2014-06-01,-78,161,-239,-92,58,77,478,-232,-427,503,-557,-373,-118,-906,3082,-14,440,-351,652,234,516,-59,98,-274,26,169,-36,-471,-174,132,-63,296,403,0,-64,-517,-790,-307,13,86,-325,2458,-216,52,-801,-224,-74,171,-26,-364,-472,261,-86,-339,-440,-424,-481,999,-482,42,467,0,336,-287,430,-545,758,-592,150,-764,304,2573,244,-185,-61,165,102,2084,171,10,714,-276
2014-07-01,13,190,90,107,36,520,987,-61,-322,617,-437,-28,21,-481,3544,37,468,-369,470,523,710,128,125,-163,103,208,-128,33,-11,218,-73,1252,662,0,-39,-210,-769,-203,36,224,-175,3682,-38,85,-494,-177,624,682,295,-240,-242,699,195,-365,11,-223,138,1242,-120,44,693,0,477,-354,807,-415,1593,-593,357,-738,415,3262,416,-74,262,153,859,2011,248,26,879,-204
2014-08-01,94,157,-48,164,59,203,766,-54,-383,592,-332,-380,-21,-718,3983,-13,438,-298,810,527,683,111,122,-191,36,255,-70,-4,-76,149,-101,1019,657,0,-91,-354,-709,-161,-3,151,-232,2969,-17,44,-527,-142,444,461,293,-321,-251,455,96,-321,40,-423,0,1313,-354,74,759,0,435,-300,638,-427,1234,-530,278,-631,387,2700,293,-92,376,129,306,2892,226,4,682,-75
2014-09-01,38,159,-131,96,-134,250,1059,-93,-382,565,-743,-99,-120,-706,4010,47,529,-507,836,546,620,-58,118,-312,0,153,-145,-276,-271,213,-128,1011,431,0,-154,-325,-867,-188,21,121,-161,1864,-599,18,-828,-223,272,322,109,-268,-226,218,27,-359,-66,-399,-147,544,-254,80,277,0,317,-347,776,-486,1080,-692,205,-812,446,2613,187,-336,217,143,297,2476,128,10,748,-295
2014-10-01,45,166,-84,19,-54,357,764,-206,-542,600,-610,-242,-55,-862,3796,2,408,-389,677,551,666,-33,118,-296,78,190,-89,-40,-353,226,-105,997,571,0,-172,-531,-819,-424,7,11,-247,2394,-124,-60,-935,-216,282,442,208,-302,-452,144,-49,-406,-627,-396,-360,1026,-624,-61,-43,0,345,-448,639,-568,1020,-809,231,-835,464,3027,212,-251,43,113,115,2328,-17,18,915,-408
2014-11-01,-27,159,-204,-2,-43,132,438,-335,-449,424,-617,-522,-165,-843,3492,-31,244,-436,604,163,372,-114,91,-217,22,96,-119,-568,-202,85,-260,111,443,0,-212,-388,-661,-365,-19,1,-369,1536,-571,43,-1051,-192,46,140,17,-332,-462,126,-63,-420,-698,-431,-302,475,-432,-26,147,0,203,-376,295,-622,254,-714,89,-869,342,2246,26,-212,120,16,-22,2114,42,3,660,-416
2014-12-01,19,146,-56,42,-161,195,488,-421,-592,444,-633,-733,-153,-1106,3164,7,288,-541,625,155,374,-145,96,-344,27,57,-166,-439,-376,144,-268,293,284,0,-178,-536,-869,-469,10,-68,-345,874,-977,1,-1368,-314,371,201,0,-398,-516,-67,-117,-454,-941,-482,-646,540,-806,16,97,0,120,-452,242,-544,872,-828,308,-1059,325,2674,257,-397,22,53,248,1899,-52,6,811,-478
2015-01-01,-68,104,-785,-215,-425,108,-316,-499,-671,318,-792,-1079,-458,-1394,2960,-15,37,-716,586,-104,347,-172,95,-438,-3,64,-283,-667,-650,-87,-415,-638,-14,-924,-368,-712,-1074,-607,-18,-65,-457,-305,-1617,-98,-1920,-468,-416,4,-261,-491,-776,-833,-421,-535,-1506,-601,-1143,-251,-1079,-70,-1044,-201,203,-671,-340,-775,251,-987,-172,-1278,281,2024,-13,-479,-70,12,-691,2075,-163,5,591,-714
2015-02-01,-88,107,-686,-107,-269,146,88,-515,-460,356,-707,-643,-116,-980,2893,-44,265,-363,599,197,282,-147,52,-275,4,87,-214,-663,-407,-13,-293,-752,152,-555,-312,-491,-901,-447,-10,-20,-322,177,-709,-33,-1060,-271,26,-85,-101,-404,-685,-99,-179,-419,-1196,-419,-921,-120,-938,48,-429,-94,114,-590,29,-548,339,-716,133,-927,309,1973,99,-386,92,-37,-279,1860,-89,7,588,-633
2015-03-01,-72,164,-577,-38,-254,7,127,-535,-682,495,-882,-920,-234,-1356,2947,-26,174,-619,683,-86,364,-209,30,-390,25,9,-253,-885,-433,76,-316,-802,179,-883,-348,-611,-984,-655,-22,-6,-364,335,-857,62,-1043,-391,-2,46,-229,-485,-816,101,-377,-511,-1501,-650,-1049,-103,-903,-7,-214,-94,88,-669,-19,-665,698,-934,137,-1058,389,2533,59,-580,2,40,-207,2161,-49,37,624,-572
2015-04-01,-91,145,-526,-111,-120,73,241,-508,-603,382,-701,-480,-230,-1051,2736,-52,80,-560,477,85,363,-65,85,-282,5,72,-158,-664,-326,171,-249,-396,130,-642,-222,-538,-922,-425,-17,46,-369,1430,-584,10,-1177,-417,47,-73,-164,-319,-618,86,-310,-403,-964,-544,-686,726,-641,-71,-109,-84,70,-505,-21,-731,421,-943,124,-900,433,2554,268,-393,-73,14,-70,1863,49,8,602,-400
2015-05-01,-56,102,-346,-105,-81,68,120,-355,-576,388,-630,-590,-120,-865,2807,-47,190,-412,380,277,355,-141,70,-126,44,157,-236,-564,-366,38,-231,-405,186,-467,-162,-473,-962,-495,-1,-41,-381,1527,-69,-11,-1390,-362,83,118,-125,-477,-527,-55,-282,-388,-841,-435,-415,689,-809,-72,85,-140,194,-513,104,-544,556,-723,100,-943,346,2406,93,-463,60,36,-171,1549,-91,7,569,-297
2015-06-01,-40,143,-196,45,-61,64,-30,-267,-312,523,-500,-490,-28,-906,2659,-44,243,-313,634,594,393,-70,57,-128,51,135,-121,-451,-269,232,-111,313,399,-325,-342,-382,-677,-326,51,-22,-299,2229,484,99,-673,-167,243,209,-62,-300,-469,46,-90,-408,-296,-493,-494,752,-619,6,411,-58,221,-333,284,-525,443,-610,171,-642,377,2553,193,-291,48,41,-316,2268,45,14,655,-275
2015-07-01,33,164,-9,104,120,350,744,-30,-301,604,-411,-153,166,-552,3326,18,240,-147,543,550,516,162,116,-97,72,113,-57,-63,55,164,-38,1253,595,-31,-12,-307,-493,-133,2,123,-165,4015,1668,49,-268,-170,660,584,332,-234,-157,615,120,-295,138,-231,179,1973,-117,61,603,-16,427,-318,815,-394,1700,-383,388,-509,382,3036,416,-65,170,169,535,1893,411,39,804,-83
2015-08-01,26,131,105,107,67,266,798,-58,-232,605,-269,-226,23,-334,3773,8,443,-225,773,634,578,83,126,-80,83,148,-52,-74,-53,160,-43,973,882,-141,-16,-314,-362,-126,33,136,-179,3080,901,58,-319,-179,759,379,389,-213,-270,517,23,-289,90,-345,282,1269,-195,76,881,-23,291,-311,538,-373,1236,-346,276,-559,381,2691,479,-189,297,99,469,2622,157,19,790,-74
2015-09-01,100,161,-120,32,-66,497,1057,-60,-303,508,-462,-28,-70,-276,3843,23,342,-302,738,598,495,134,193,-60,71,163,-153,-260,-214,96,-146,1382,778,-144,-134,-272,-531,-149,10,121,-247,2452,280,60,-651,-292,482,412,240,-205,-282,341,246,-321,155,-456,148,974,-176,92,140,131,379,-349,762,-494,1195,-694,213,-788,345,2774,314,-153,284,77,290,2515,248,-7,779,-262
2015-10-01,41,175,-212,9,-15,325,922,-144,-332,625,-505,-222,-18,-729,4220,-3,284,-358,584,449,532,73,74,-181,90,159,-77,-164,-149,95,-136,1033,530,122,-176,-329,-703,-313,-10,107,-210,2321,640,17,-815,-192,454,229,104,-248,-337,199,2,-374,-368,-369,-168,1234,-444,18,203,25,314,-418,806,-518,1493,-651,185,-763,339,2542,364,-393,106,55,220,2401,174,24,798,-422
2015-11-01,-9,106,-372,-120,-115,138,394,-390,-471,530,-542,-478,-166,-643,3254,-13,234,-441,590,428,369,-92,99,-173,36,61,-149,-415,-250,62,-150,49,446,-624,-144,-343,-550,-322,-10,49,-279,1614,-131,5,-676,-333,147,103,27,-261,-338,122,-143,-259,-742,-308,-321,716,-363,39,203,-42,218,-439,465,-578,803,-689,270,-844,346,2328,98,-101,137,114,26,2232,67,3,692,-343
2015-12-01,-4,173,13,-37,0,305,944,-351,-434,495,-503,-453,18,-838,3174,-47,209,-390,530,480,451,-10,83,-194,46,112,-164,-532,-215,137,-173,666,652,-514,-166,-394,-658,-320,-1,75,-295,1561,349,44,-722,-228,464,224,217,-319,-372,343,-99,-428,-596,-476,-99,853,-416,57,204,-5,264,-436,321,-482,1281,-754,377,-809,303,2696,292,-241,110,75,291,1890,113,42,734,-307
2016-01-01,-122,109,-584,-118,-336,109,-235,-612,-787,300,-897,-1044,-637,-1389,2940,-41,24,-738,534,-25,284,-253,56,-514,-16,52,-292,-842,-494,-15,-365,-962,-98,-811,-410,-691,-1156,-613,-23,-25,-362,-1003,-2244,-99,-1702,-455,-277,-209,-243,-370,-683,-331,-300,-653,-1820,-665,-1009,-634,-1025,-9,-895,-109,199,-735,-32,-784,222,-1082,-233,-1246,302,1842,-121,-514,3,7,-788,1357,-129,2,499,-654
2016-02-01,-60,143,-478,-107,-190,169,257,-537,-514,371,-633,-658,-192,-1052,2798,-35,97,-501,602,255,341,-104,34,-334,-10,100,-162,-618,-328,-1,-220,-88,54,-661,-322,-588,-880,-421,5,27,-333,1176,-583,-94,-1181,-346,-147,-84,-70,-397,-477,9,-263,-447,-1211,-457,-350,258,-545,11,-162,-108,161,-582,-5,-557,684,-826,47,-858,370,2089,239,-504,87,9,-363,2336,45,20,547,-464
2016-03-01,-14,153,-475,-31,-127,164,430,-441,-458,540,-479,-482,-109,-712,3141,-28,147,-555,555,80,334,37,80,-216,37,105,-157,-559,-255,44,-139,-45,447,-698,-259,-484,-626,-323,-3,72,-362,2187,385,-65,-900,-282,220,9,-43,-365,-547,129,-260,-379,-936,-406,-617,783,-584,-16,75,-10,160,-474,135,-578,1053,-680,195,-733,359,2497,158,-298,37,-39,98,1828,99,34,643,-367
2016-04-01,-2,139,-259,-76,-65,27,75,-323,-469,392,-559,-639,-91,-903,2610,-3,280,-405,520,206,208,-73,76,-181,28,43,-123,-530,-361,149,-163,-97,400,-473,-268,-475,-636,-407,9,-6,-250,1824,336,109,-1132,-241,76,-90,-163,-369,-553,-167,-404,-276,-843,-410,-568,1058,-786,83,-138,52,183,-445,180,-539,701,-661,132,-754,350,2187,17,-401,27,63,-402,1488,-75,22,571,-417
2016-05-01,-139,149,-625,-14,-175,166,80,-523,-589,324,-702,-639,-56,-907,2802,-59,207,-402,482,307,396,-45,69,-184,18,111,-138,-619,-311,28,-223,-301,259,-727,-213,-482,-629,-398,-14,41,-330,2001,144,-70,-1065,-284,136,-93,7,-345,-480,146,-297,-362,-1155,-566,-425,1158,-711,9,45,-90,181,-417,-25,-594,660,-719,220,-919,369,2332,153,-355,-186,61,-378,1839,24,8,555,-355
2016-06-01,-71,185,-242,-125,-10,94,741,-355,-355,415,-611,-558,-42,-905,2841,-19,231,-291,458,345,446,72,53,-195,92,98,-23,-340,-181,152,-128,175,656,-673,-115,-504,-530,-318,18,80,-262,3202,1125,51,-643,-226,469,185,155,-334,-436,423,-189,-323,-940,-305,-229,1719,-407,38,226,-36,159,-482,359,-457,1382,-541,315,-852,315,2651,235,-271,-2,83,432,1792,60,11,638,-293
2016-07-01,0,215,-89,-4,-72,331,777,-294,-336,503,-387,-343,30,-941,3137,-1,273,-242,555,538,480,134,77,-108,65,114,-49,-189,37,111,-78,827,510,-153,-56,-428,-705,-271,-4,147,-191,3576,1188,70,-440,-222,531,390,443,-187,-314,382,52,-270,-246,-324,212,2251,-444,129,433,28,276,-369,785,-524,1440,-399,298,-719,347,2687,345,-146,183,149,454,1964,203,-7,666,-325
2016-08-01,54,158,-34,119,-10,321,534,-104,-363,594,-437,-44,-26,-329,3476,14,378,-324,672,620,646,144,82,-174,55,157,-119,-245,80,169,-96,1340,705,-124,-131,-244,-547,-186,-5,134,-185,3510,1128,27,-255,-219,748,197,41,-213,-304,310,-81,-290,98,-255,239,1774,-328,96,443,-14,328,-252,883,-286,1115,-585,384,-529,429,2673,309,-213,336,229,537,2386,199,32,673,-146
2016-09-01,37,148,-269,49,-232,274,344,-142,-316,470,-540,-161,-209,-550,3526,-3,287,-383,586,372,576,156,81,-169,84,150,-211,-445,-260,58,-220,1069,384,-17,-197,-322,-696,-250,-34,51,-155,1900,541,-6,-956,-300,573,99,263,-293,-431,146,-31,-317,24,-323,-121,979,-611,62,28,-19,290,-388,801,-475,1416,-667,140,-824,400,2366,272,-183,42,106,96,2098,20,15,649,-312
2016-10-01,-13,96,-399,-80,-47,206,417,-260,-356,443,-611,-384,-242,-807,3364,-34,271,-419,532,355,452,-25,72,-313,16,132,-106,-377,-205,69,-160,421,317,-266,-275,-464,-651,-315,15,6,-310,1840,-19,-16,-876,-279,-10,117,18,-395,-457,232,-247,-294,-705,-440,-287,977,-702,28,-11,-5,224,-460,370,-541,740,-732,210,-928,368,2024,114,-294,22,81,-133,2183,18,12,701,-364
2016-11-01,23,153,-426,-106,-234,203,203,-262,-562,368,-563,-549,-294,-854,3434,-35,180,-516,602,254,321,-15,58,-188,25,112,-245,-737,-251,-26,-192,57,290,-488,-330,-452,-708,-383,5,-12,-247,1727,311,7,-988,-288,-62,-183,-224,-323,-548,-71,-172,-339,-646,-443,-285,582,-619,65,-325,-10,199,-454,268,-550,950,-760,97,-858,333,2258,179,-375,-45,-32,-60,2211,-168,-3,635,-358
2016-12-01,-60,112,-550,-127,-164,13,-198,-419,-558,361,-827,-737,-196,-1205,3213,-38,146,-514,490,84,321,-104,45,-337,19,8,-177,-540,-435,-22,-304,70,244,-846,-291,-508,-815,-510,-10,27,-405,-311,-1073,-89,-1225,-310,-83,-144,-278,-487,-603,-233,-409,-453,-1041,-527,-736,515,-699,58,-478,-129,260,-495,113,-639,596,-740,157,-1023,367,1954,34,-403,-38,6,-514,1781,-151,24,595,-600
2017-01-01,-183,63,-1154,-286,-709,-132,-1088,-743,-962,210,-1031,-1217,-624,-1580,2862,-60,-74,-798,582,-325,142,-340,-54,-534,6,-28,-407,-1299,-785,-199,-447,-1627,-441,-1184,-487,-770,-1115,-704,-4,-162,-441,-1429,-2172,-155,-1675,-587,-517,-589,-514,-592,-880,-856,-589,-617,-1991,-909,-1317,-709,-1430,-23,-1436,-207,47,-887,-498,-810,-753,-1237,-345,-1288,322,1462,-371,-756,-386,-112,-1040,1841,-368,17,402,-783
2017-02-01,-121,71,-669,-155,-284,-67,-123,-508,-481,219,-702,-802,-291,-1165,2563,-19,-18,-531,409,-62,228,-193,39,-344,30,76,-279,-1000,-593,-14,-195,-788,-201,-755,-349,-684,-853,-555,-18,-75,-336,817,-547,-99,-1298,-306,-405,-445,-384,-429,-683,-464,-537,-448,-1095,-496,-955,-21,-957,-14,-591,-43,101,-467,-110,-616,-93,-725,2,-955,255,1467,-100,-402,-177,-65,-565,1709,-161,29,406,-512
2017-03-01,-149,75,-682,-109,-239,-21,83,-576,-719,270,-635,-796,-229,-1182,2962,-55,107,-437,530,-9,266,-101,-64,-320,7,49,-220,-885,-406,-51,-226,-343,-95,-537,-279,-792,-832,-489,-7,-15,-389,1353,32,-46,-1117,-369,-76,-233,-437,-462,-648,-307,-412,-481,-1220,-525,-824,505,-962,44,-386,-102,49,-555,-11,-590,702,-671,25,-957,412,1841,46,-575,-87,-18,-561,1816,-110,27,626,-477
2017-04-01,-95,130,-738,-95,-149,-68,-148,-611,-667,371,-750,-916,-205,-1002,2239,-18,59,-552,440,63,233,-56,43,-375,-33,34,-167,-981,-365,-28,-291,-969,-18,-654,-310,-589,-680,-474,-41,-55,-449,946,-432,-21,-1252,-305,-250,-157,-333,-450,-677,-273,-355,-422,-1424,-574,-889,556,-962,16,-233,-96,98,-462,-248,-656,173,-778,2,-920,362,1853,-10,-410,-142,27,-423,1626,-213,13,424,-484
2017-05-01,-117,148,-749,-184,-234,-56,-340,-592,-705,278,-899,-936,-324,-1314,2538,-15,268,-625,505,65,252,-190,-37,-409,43,62,-176,-990,-547,12,-274,-870,96,-757,-353,-606,-801,-606,2,-56,-420,1511,-569,-10,-1288,-392,-10,-323,-379,-442,-698,-312,-486,-474,-1502,-632,-1153,543,-1024,23,-507,-117,118,-547,-269,-708,144,-839,42,-1143,391,1871,-77,-501,-150,-22,-637,1621,-295,27,583,-508
2017-06-01,-53,135,-598,-78,-192,119,-104,-380,-476,304,-576,-614,-353,-818,2617,-38,159,-538,373,160,386,-138,26,-280,-3,91,-190,-683,-323,12,-176,-310,131,-626,-235,-533,-776,-311,18,29,-318,2131,457,-5,-1114,-358,-108,-245,-337,-312,-436,-193,-463,-395,-889,-413,-701,854,-889,53,-352,-4,130,-466,148,-536,584,-644,23,-796,356,2037,74,-343,-164,9,-387,1407,-71,20,512,-482
2017-07-01,-45,108,-271,-11,-91,50,149,-290,-385,397,-539,-426,-147,-668,2947,-10,216,-382,685,306,362,-29,43,-219,83,107,-115,-377,-280,65,-157,488,310,-74,-160,-392,-565,-279,0,15,-236,2545,614,-27,-716,-223,240,-45,-121,-247,-354,193,-219,-307,-862,-392,-458,1420,-622,58,2,-55,243,-381,274,-406,530,-596,157,-749,309,2359,43,-273,6,71,-108,2644,26,13,596,-449
2017-08-01,0,144,-401,42,-148,169,392,-407,-388,386,-512,-375,-150,-540,3452,-28,228,-418,710,305,472,79,114,-172,62,141,-180,-399,-151,22,-78,483,558,-471,-208,-328,-488,-285,19,111,-236,2776,1090,25,-463,-233,223,5,-2,-319,-346,384,-89,-320,-666,-381,-266,1471,-471,44,293,-42,283,-423,457,-410,811,-563,336,-671,372,2525,251,-211,145,12,6,2298,33,10,606,-250
2017-09-01,-10,117,-359,-59,-137,362,205,-273,-493,417,-662,-305,-344,-736,3455,13,301,-427,571,142,403,-20,48,-308,-8,101,-219,-674,-279,57,-164,758,-24,-287,-238,-374,-814,-256,-17,14,-243,1444,-106,-44,-931,-339,77,-115,-125,-372,-427,-250,-230,-397,-391,-369,-429,53,-579,84,-341,-7,260,-516,483,-486,822,-699,-31,-906,348,2107,71,-278,-81,42,-308,2215,-80,22,436,-475
2017-10-01,-69,143,-568,-68,-152,129,-36,-452,-604,436,-640,-448,-244,-961,3276,1,213,-553,619,172,416,-129,38,-274,16,75,-216,-821,-366,3,-185,148,134,-409,-258,-506,-758,-415,21,-15,-296,903,-915,-76,-1184,-360,-98,-149,-302,-337,-519,-179,-226,-438,-923,-576,-764,551,-816,77,-153,-103,152,-474,406,-588,307,-830,37,-1031,397,1921,-15,-412,-140,5,-460,2331,-121,11,566,-561
2017-11-01,-85,101,-588,-94,-153,138,56,-484,-497,325,-650,-595,-254,-794,3180,2,202,-473,555,54,264,-89,68,-350,77,47,-238,-767,-319,9,-179,113,-93,-402,-232,-559,-595,-487,-9,-63,-298,1302,-73,-20,-1135,-364,-49,-185,-263,-340,-662,-218,-289,-386,-907,-419,-712,293,-578,33,-42,-42,121,-445,99,-526,622,-703,19,-859,316,2087,-87,-333,-23,-15,-135,2009,-109,8,490,-464
2017-12-01,-22,109,-661,-172,-143,98,-47,-433,-667,257,-768,-636,-308,-945,2669,-27,93,-545,467,171,277,-208,9,-427,-21,44,-218,-880,-380,-80,-308,137,-77,-428,-315,-450,-690,-488,-13,-74,-303,624,-218,-53,-1249,-365,-343,-135,-175,-394,-555,-301,-429,-356,-1000,-503,-734,451,-747,62,-347,-18,239,-520,183,-471,309,-705,83,-988,349,1800,-1,-439,-103,-24,-632,1787,-155,6,490,-471
2018-01-01,-97,83,-1071,-136,-481,-91,-410,-651,-735,109,-851,-1021,-509,-1321,2968,-26,-75,-708,603,-114,308,-279,-2,-489,7,47,-296,-1390,-666,-163,-405,-616,-428,-841,-483,-653,-941,-462,-29,-83,-449,-342,-1352,-128,-1539,-421,-547,-511,-407,-465,-835,-795,-750,-526,-1593,-729,-1031,-289,-1174,15,-1135,-121,39,-677,-384,-757,-135,-1043,-221,-1152,345,1516,-267,-596,-203,-94,-833,2215,-289,-4,430,-676
2018-02-01,-53,76,-719,-225,-234,-51,-243,-631,-561,246,-675,-652,-389,-957,2738,-13,-79,-535,531,86,281,-130,29,-344,1,31,-261,-1079,-448,-129,-257,-591,-144,-547,-275,-545,-852,-460,-5,-140,-259,-128,-965,-139,-1379,-335,-274,-267,-380,-352,-679,-479,-595,-384,-1233,-416,-1107,-216,-847,-53,-665,-83,110,-596,-224,-590,-35,-865,31,-829,289,1376,-69,-496,-207,-34,-529,1758,-131,15,460,-500
2018-03-01,-177,105,-1008,-220,-450,-79,-762,-718,-747,179,-910,-972,-479,-1538,2632,-96,-78,-710,460,-330,171,-219,39,-590,-51,55,-372,-1306,-753,-143,-275,-644,-438,-745,-451,-864,-1202,-709,-44,-241,-370,-924,-1353,-138,-1768,-457,-623,-414,-570,-473,-945,-729,-716,-637,-1800,-792,-1514,-789,-1353,-90,-1322,-107,127,-681,-358,-825,-329,-1083,-95,-1370,359,1639,-311,-578,-201,-127,-1098,1619,-313,0,434,-716
2018-04-01,-133,91,-969,-262,-427,-121,-667,-695,-767,178,-987,-1123,-514,-1335,2464,-40,-46,-735,471,-143,197,-178,14,-479,26,31,-280,-1173,-640,-20,-325,-921,-432,-847,-476,-721,-970,-619,-31,-160,-566,-416,-1821,-106,-2071,-420,-570,-456,-626,-553,-887,-598,-522,-524,-1891,-730,-1144,-427,-1160,-73,-799,-171,43,-594,-336,-757,-245,-1004,-191,-1164,257,1577,-169,-644,-323,-114,-937,1593,-384,9,339,-732
2018-05-01,-173,95,-1133,-137,-397,-127,-401,-658,-699,313,-897,-1397,-453,-1050,2248,-21,-25,-750,484,-25,235,-151,5,-425,0,4,-263,-1077,-613,-132,-385,-1165,-358,-867,-530,-693,-783,-559,11,-149,-369,1199,-536,-155,-1516,-390,-128,-496,-646,-521,-681,-698,-518,-423,-1785,-660,-986,755,-1193,-16,-624,-122,69,-629,-462,-662,-32,-1014,-3,-1007,265,1881,-224,-507,-303,-43,-846,1708,-417,17,479,-601
2018-06-01,-82,147,-783,-176,-288,-42,-333,-637,-593,332,-745,-752,-411,-1119,2593,-2,143,-522,438,-34,287,-103,36,-450,-12,63,-247,-910,-619,-187,-225,-332,-91,-418,-365,-549,-697,-462,-34,-118,-283,1372,-207,-113,-1479,-283,-270,-252,-378,-464,-632,-584,-338,-395,-1368,-532,-863,618,-1191,13,-724,-121,129,-482,-3,-643,248,-712,6,-801,275,1796,-151,-456,-92,18,-647,1670,-171,3,522,-629
2018-07-01,-90,99,-617,-119,-266,-95,126,-369,-505,467,-643,-943,-234,-960,2757,-23,120,-461,637,254,286,-150,17,-239,-7,106,-218,-771,-317,-37,-155,-85,37,-319,-224,-296,-693,-309,-1,-37,-265,2603,-208,-50,-986,-293,25,-217,-323,-305,-451,-248,-281,-345,-1026,-428,-570,877,-792,30,-327,-30,154,-481,-200,-565,427,-726,113,-837,332,2062,-66,-422,-71,62,-534,2215,-86,14,511,-351
2018-08-01,-80,81,-575,18,-255,282,-17,-214,-416,389,-605,-383,-247,-637,3403,-8,194,-533,590,230,502,-105,62,-320,36,157,-224,-749,-422,-117,-216,470,-4,-280,-244,-422,-835,-259,-24,-36,-207,2532,521,-31,-897,-261,-22,46,-116,-314,-423,-85,-396,-287,-461,-516,-181,944,-557,87,-44,-39,389,-445,564,-501,752,-536,143,-746,398,2048,-10,-283,100,37,-200,2022,17,5,533,-356
2018-09-01,-16,127,-560,-38,-173,175,62,-402,-370,226,-633,-449,-313,-626,3350,-11,162,-387,520,95,452,101,87,-268,-31,109,-199,-876,-434,-79,-214,132,51,-128,-284,-416,-642,-367,-23,-30,-292,1665,-153,-31,-852,-268,-218,-243,-161,-267,-487,-338,-276,-339,-550,-390,-432,479,-701,-50,-486,-43,341,-526,293,-536,326,-657,-6,-800,279,1940,-14,-240,49,-2,-364,2480,-89,-6,481,-439
2018-10-01,-55,114,-708,-78,-248,252,-21,-366,-473,456,-745,-628,-213,-946,2425,-7,103,-528,560,456,484,-124,41,-368,-8,109,-241,-751,-406,-20,-267,218,170,-467,-254,-500,-608,-512,7,-24,-358,1222,-1024,16,-1186,-294,144,-191,-186,-422,-300,-80,-335,-276,-964,-423,-415,1185,-729,23,-241,-67,322,-583,486,-441,89,-698,61,-1048,340,2216,-2,-420,-115,44,-573,1808,-68,2,457,-456
2018-11-01,-18,89,-751,-169,-204,53,-194,-554,-439,340,-646,-759,-268,-901,2900,13,69,-523,594,145,418,-146,40,-280,5,42,-288,-840,-533,-86,-285,-382,29,-472,-249,-553,-672,-419,-12,-61,-352,1793,-1050,-78,-1002,-328,-81,-241,-263,-429,-467,-225,-509,-330,-1223,-426,-629,815,-795,-28,-688,-93,199,-507,-56,-541,373,-670,23,-952,304,1666,-75,-360,-240,-50,-605,2076,-124,-2,464,-408
2018-12-01,-129,64,-986,-185,-368,-89,-569,-538,-759,310,-748,-742,-383,-1393,2480,-65,-40,-669,354,-643,387,-311,26,-341,-51,83,-206,-855,-372,-249,-251,-1337,-438,-510,-492,-622,-653,-377,-67,-113,-324,1192,-2020,-37,-1242,-391,-329,-340,-270,-419,-878,-365,-441,-342,-1519,-883,-1055,495,-997,-15,-734,-142,142,-453,-1412,-573,161,-889,-17,-942,311,1336,-312,-411,-169,-138,-682,1953,-150,19,377,-555
2019-01-01,-127,69,-1444,-375,-607,-138,-1087,-942,-747,34,-1069,-1124,-488,-1335,1895,-75,-525,-810,616,-327,371,-262,10,-455,-73,55,-437,-1870,-766,-246,-368,-1650,-681,-898,-492,-751,-1088,-676,-19,-220,-392,-468,-2679,-223,-1665,-467,-695,-700,-531,-623,-639,-811,-896,-527,-2145,-758,-1422,-590,-1401,-133,-1749,-233,149,-694,-606,-756,-386,-1002,-338,-1255,360,1178,-402,-748,-594,-136,-1336,1964,-387,1,326,-780
